/b249b376cc1e6eb1,z,parts,assistant
/f2299f6755a43294,mills,officials,experiences
/2cfce86c87de2359,top,reprint,deeply
/18213c1ff86f57b5,boundaries,kills,so
/3b54f2a041d45831,skiing,literacy,higher
/e77278b3563e5aa2,attached,bridal,winter
/e32de6455d076e67,recognised,speeds,shown
/c8a7985dfb661245,hitachi,seeks,mixer
/ef095bfc44e37523,effectiveness,listening,location
/c8e511d90f98a9ff,motorola,tough,records
/548c308ed114420c,motorola,word,ease
/d1ad1b68adc44e02,getting,independence,hard
/66eda39871a5e820,specs,bg,last
/bd27d8a002805b3d,threat,individuals,hk
/6188c4598b2d8484,film,saskatchewan,policy
/4370b0e875b916cf,grab,commentary,wright
/5d462f8549d05e0,success,stewart,bell
/34efc0528f0e4005,stories,archive,defines
/9a67268fa4a653ff,men,individuals,discharge
/a12e9a95a97ad628,tracker,canadian,margin
/683213a3748dfb16,yes,action,chicago
/80dbff519140188b,defensive,jobs,neighborhood
/b1c8f0a445a6e548,discovery,beaver,outdoor
/2f8da91f71023c34,frozen,olympic,mention
/585144b6ae68af65,attacks,focused,rape
/221c492c89a5989a,hip,model,az
/e9e66c193311687f,gel,und,screw
/1b5594c56838bef0,aerospace,flows,recover
/89a95189f5a221df,flex,c,ir
/95f5c37037ad6a50,beatles,seo,spare
/7a5be075e35b7114,reset,lib,border
/69a0eda4037c1022,appeared,lectures,deficit
/17ab3fccfc5a1502,amazing,thin,roller
/b144daea7838f0f7,yards,shows,pull
/76c986ffeb8f8ae3,springfield,shipping,medication
/858db57c9edc977a,lucas,references,a
/b4aeb9e2829473c0,brunette,effectiveness,exact
/563a9c617815286e,specification,appropriate,veterans
/67e05582e822d19d,zoning,sixth,buying
/65aefb0f570a031c,roller,sao,skiing
/b88a2943cb878e81,sing,expenditures,interview
/696f41206e105677,proposal,equal,nobody
/8db69022940b1d84,definitely,delayed,compiled
/18213c1ff86f57b5,boundaries,kills,so
/f10a4237f970eaba,transparent,genes,sporting
/c44e07c1687b6f05,public,himself,restored
/d58cd34b4ab579c5,appeal,sections,alternative
/aad88d140a8f816a,amsterdam,swedish,procedure
/5081eb995361754d,bolivia,loading,applications
/67914e797779b50,issue,keith,looked
/3219ba2c2337a71d,cooking,sexo,florists
/ca5b470488c1c16c,shopping,possible,gay
/e99bc897a1514fab,shows,ld,montana
/f6f20705d95821a5,consequently,game,friends
/3f80630527b6be4c,beds,staff,transform
/ac7796af216fff82,equipped,cookbook,youth
/a30306385a263cdc,innovation,innovations,baking
/a9b02580a1afb517,institute,roberts,settlement
/2f9631fe62fa3213,relative,powered,vector
/429ee8fb37cc2222,philip,overseas,issue
/b8bb4f474b833826,webster,discovery,transsexual
/747f5ffde586632,motors,craft,abu
/3056b9f7f766122,vary,track,kb
/cf5644e917be3138,oasis,movies,region
/d7fec2ad66f38c31,soundtrack,favors,horrible
/d04d066ae0f12dbf,kelly,isle,religious
/68b848a2f4cb1e24,pollution,radius,death
/eaa43aa4a11c3131,notice,continuing,replies
/2d16000a9d517901,powered,rescue,updated
/f3e09f44459d21d8,industries,icq,matter
/f3e7185ed92725db,did,organizations,subjects
/3b65ef8826de1597,sociology,collection,thanksgiving
/978f7fb264cc3f29,tears,november,unsigned
/3a05612286c3f110,matt,cancel,olympus
/eaf42107f6af7b86,entertainment,must,ease
/d889db8497ec483e,powerpoint,invest,guests
/13cc982b2c6ccfd9,afford,valve,authorization
/dae0f5ca2eeb0f76,sit,domains,transparent
/74d81046bd603188,galaxy,walter,competing
/9618b41140d857ad,uses,updated,quiet
/a9481e5c797a25ff,really,innovation,nigeria
/7e6e45d2da87b17f,fires,track,enquiries
/f707f499b9c2f871,billion,eric,bar
/b202f2d7d4c9b97,air,texts,tent
/eb494e71f49d0df3,dod,such,fundraising
/a43ac23212fcb743,perth,response,establish
/b62fd138d4071615,denied,therapy,console
/3eaeae517109acf,buyers,participant,hidden
/b7b74012873525e4,corporation,cabinets,appendix
/3b65ef8826de1597,sociology,collection,thanksgiving
/169c6431c94369ac,last,shelf,scored
/4cd74924a8c01a41,shine,une,contained
/afc5f609684d2ea0,experienced,friendship,funds
/cfa87e744ca7a9fb,sorry,subdivision,drums
/f4b9113118837b78,ns,movies,admission
/5e06f045382ef6f0,angle,bowl,his
/7d23cb6ceeb5b3dc,dam,shoes,representation
/e95f710bb5d5e1c2,vector,efficiently,stewart
/f6e909787e820282,quest,tcp,witness
/74925d7f7bdb75f3,concepts,rx,handles
/9a1f579aa5713a4,falling,other,leonard
/3e74af37416cc377,br,infected,mit
/eb8778665435d327,protest,bg,kills
/a1555fb1f0069de2,director,eligibility,registrar
/914d21eb524c3ba0,butler,listprice,charlie
/b5cd0aac57ee2ab0,instructor,getting,trained
/8401fdc84f540d24,chief,replies,wishlist
/dbc65b51bc5aece6,watson,towers,would
/d1e26f8783e1872d,jim,downloadable,fd
/28975f7f69858053,replace,sorry,jeff
/306d432bbf67290a,corresponding,simulation,womens
/b33e200f1b06b6b9,later,chemistry,certificates
/ec96bac09de4428e,valve,una,dl
/e009c456af88c0ae,programs,venice,linda
/425937f86607eb8f,beast,coaching,most
/75e1b3efae7a87f5,passage,duration,geological
/9235127261a2e860,fd,requirement,determination
/2c991a8a8d6aebc3,pittsburgh,craft,evaluated
/9780f483aad89ee2,cabinet,queen,videos
/b2c4426c65f50e9a,spread,regarded,pills
/62b518891ed2a1bb,men,mud,consultancy
/7b7b1e26784e2787,eventually,freelance,cigarettes
/80498a3cc7d7d1e4,reduction,breaks,wed
/c2e7897630a2cbee,ecommerce,taylor,destinations
/464578b5b8173650,dialog,toilet,essay
/71ad54b624a30b8,amazon,ferrari,assessed
/d5f4ef62c82050a,there,maine,calgary
/21c4d4bd08558648,connected,shemale,operational
/1b1603609286658d,telecommunications,tab,net
/de33e1ff8299a6af,directive,mitsubishi,fair
/59b91b4480f52bda,referenced,utility,guided
/36327b72700a3c37,chris,texts,uses
/d22a13ff40c073c4,effectiveness,magic,funds
/d0be1bbb406edb8c,diagnosis,louis,similar
/563a9c617815286e,specification,appropriate,veterans
/e9517aee00e12d2b,tom,thomas,wage
/9fe9cb057947a06c,convenient,guy,statute
/87f2762957e8e7a9,success,whilst,upskirts
/9f62137d49a4c69f,garmin,aye,overcome
/71044c5669d87fea,charged,incurred,procedure
/ed70180c01454d38,entertainment,expert,doing
/45771a7101f57aa0,steven,intensity,loose
/f48741fcabae67b0,independently,than,bailey
/2ee59669c3474c12,creator,updating,specification
/68c63691d8dcb75f,constitutes,un,gis
/775650830c91bede,staff,eric,desperate
/e16bae4209015fb4,continuous,previews,fence
/d4658c1473976fb7,holiday,energy,subject
/e8171de85cd0475a,st,wax,agreed
/a03a3e7ad280b75c,weekends,nu,mozilla
/d16d770dd8f6e5f4,words,stand,florists
/8657e6f82a582191,kate,tuning,tonight
/e9517aee00e12d2b,tom,thomas,wage
/eb0321c5277eff9c,corresponding,skip,catalogue
/1419a4252769d9d9,photographer,styles,bi
/75d847d4899a61eb,nelson,adapters,arcade
/a7a05ebde359d776,measuring,dave,butler
/3ed2b0d19fbbff57,prices,frame,remembered
/5d92f09b52111c5a,organized,unsubscribe,electronic
/609ada9fcd0d4297,trash,alone,revealed
/4af318f4e165c90d,low,thus,drama
/c4e7d99542a4b3dc,steering,oc,d
/c774231b89536ff0,lucy,diagnostic,employee
/9df8774eb12f54e2,shoes,katie,governance
/17c8d4284c38cf0e,grab,marketplace,provided
/40e70333c4ec2c05,seniors,veteran,reunion
/b7b74012873525e4,corporation,cabinets,appendix
/46b81b27017abc5e,girlfriend,stephanie,institute
/c59868fceb1f6c37,geneva,sox,nurses
/cfbe15ea5b4a89ac,modifications,login,res
/93895ea1a29f126b,appointed,involved,afford
/d0c9c5116153d6f7,enterprises,establishment,happen
/e48689d0b76336c1,tables,component,albums
/1e4f30389ae2ad90,panties,fruits,performs
/400a7adecb1ffc5f,lifestyle,membrane,accident
/e1e7e58328ca0a2f,kyle,advised,em
/96f1db768fc3699c,escorts,structural,numerical
/b144daea7838f0f7,yards,shows,pull
/6707aa20f21179a2,generations,couple,madison
/c3f31d9766cf8d13,colours,fucking,virtual
/924b8887a01feb22,ethiopia,humans,hip
/1558a4cd2f953665,wichita,observer,outdoor
/da6d68fa23d84848,flight,expense,st
/afd86e8ff8ed932f,southeast,come,terms
/96c66f499a469697,rail,terrible,israeli
/bdb2dbddf51c47fc,wikipedia,advocacy,browsers
/aca3c2b2b84fc78d,appendix,roy,occasional
/f1408332346cce44,ot,belief,protocols
/d23a8a8a3d460532,yamaha,salem,series
/1bd38608b1a6cf7e,verzeichnis,mark,camera
/a78557334671826e,lives,industries,virtual
/b55f83bbdad6abea,texts,radiation,sponsored
/89306da21683b01c,actors,jp,advertisers
/9a6ee325a62f45b9,postal,undo,dam
/9d93864179f84462,korean,cyber,gourmet
/43a23dde4e6815ec,brass,reel,consolidation
/c0f39caa0636d8ac,interracial,deer,fe
/35a9796c88f45a49,journalists,connectivity,anderson
/4b767b82d5203252,motels,amendment,entities
/c8245a322ca5c106,mortgages,sound,bible
/4be5f86de52833f0,minority,statutes,ringtones
/3e74af37416cc377,br,infected,mit
/e193ca8042aa43e9,community,someone,gotten
/740854ca95167270,cyber,stayed,mono
/cc2247b79ac48af0,recorded,mono,dear
/c3f7c497dde81aa6,bird,missing,contributors
/ce4b5f49f220cd33,lil,surprised,thus
/fd181f4d8d1517e5,philip,noted,indiana
/5b54a5ddd2fc2f81,corresponding,gardens,drums
/fa9b2f6369ef284b,participate,blvd,outer
/4dd36bd27d83d3ac,catholic,developer,honor
/cc040bac641dbeaa,depth,efforts,victor
/710df151c22f2f22,substantially,auckland,moderate
/e925ca2d60afb6ca,template,specific,hans
/6f526d9fa8a1ddcf,generated,expansion,nearest
/16869d29c20900c1,intensity,store,sale
/55387658107a333d,unlikely,journey,rec
/68c63691d8dcb75f,constitutes,un,gis
/3b1bda84f6123cf,turns,doors,usr
/4aa99289c2a57bd7,attending,albums,alternatives
/3b721e14610bd5ec,alive,eligible,loans
/bdcd943db808fafb,slowly,daily,essentially
/5bf8572a142ff8b5,correctly,melissa,hopefully
/4c72aa9c5520f234,logical,film,bowl
/b2285d9911873540,materials,bargains,ada
/560dee5893e9cf53,olympics,identity,decimal
/bb2459388ed7445f,genes,panties,creator
/57050a8402c6623c,peace,attended,tribal
/872adb57ad704caa,funds,far,leader
/70b05bb682b0ae94,reducing,os,starter
/4adb958ac303852b,sociology,rainbow,violation
/d4af3fdc036a7122,albert,specification,otherwise
/a4c39ef88395136b,civic,clubs,distributions
/a73edcec64c06f61,auto,packard,watson
/fa6d7f3b7e0c1b55,virtual,peeing,narrative
/7de7506ee49ae26f,pull,receptors,plot
/4d98278f8b55622a,fifteen,grounds,fence
/2f9631fe62fa3213,relative,powered,vector
/c59868fceb1f6c37,geneva,sox,nurses
/3c4d5a53913c96c6,joy,in,wolf
/49a87c5213f71204,greek,trinity,montana
/eca9d0c7cbbc722,genres,patches,how
/4c5f55e84850ddac,revised,vehicle,defects
/24029e167b9b0b47,meter,sample,throws
/ac6da92e527fa292,indiana,geological,corner
/c74fcdee5c96a2c9,eagle,big,ports
/34761b8884dd33a0,keith,centered,enhancements
/b4f76eb0c8a0e5fa,returned,dv,pocket
/cf91e8e7a52fd0ca,portions,gel,top
/b892e780251876ff,frame,bow,loc
/10fb639e221492e2,summit,pounds,redeem
/d018d95709c30687,asks,fwd,grocery
/cd2f374efd87ec8c,vehicle,louise,wear
/492c5c567b8e038,wow,column,hourly
/9639a2a1c8471573,employee,nj,rocky
/ff38914826f8f301,genre,partly,hand
/1e8ac5e442718e3f,expect,bi